threshold,acc,f1,precision,recall
0.1,0.4217687074829932,0.5933014354066986,0.4217687074829932,1.0
0.2,0.4217687074829932,0.5933014354066986,0.4217687074829932,1.0
0.30000000000000004,0.4217687074829932,0.5933014354066986,0.4217687074829932,1.0
0.4,0.4217687074829932,0.5933014354066986,0.4217687074829932,1.0
0.5,0.4217687074829932,0.5933014354066986,0.4217687074829932,1.0
0.6,0.5782312925170068,0.0,0.0,0.0
0.7000000000000001,0.5782312925170068,0.0,0.0,0.0
0.8,0.5782312925170068,0.0,0.0,0.0
0.9,0.5782312925170068,0.0,0.0,0.0
