epoch,train_loss,val_f1,val_acc,val_precision,val_recall
1,76.9373487830162,0.5933014354066986,0.4217687074829932,0.4217687074829932,1.0
2,77.09937685728073,0.5933014354066986,0.4217687074829932,0.4217687074829932,1.0
3,76.99359434843063,0.5933014354066986,0.4217687074829932,0.4217687074829932,1.0
4,77.06507587432861,0.5933014354066986,0.4217687074829932,0.4217687074829932,1.0
