epoch,train_loss,val_f1,val_acc,val_precision,val_recall
1,76.93734860420227,0.5933014354066986,0.4217687074829932,0.4217687074829932,1.0
2,77.09937655925751,0.5933014354066986,0.4217687074829932,0.4217687074829932,1.0
3,76.9935986995697,0.5933014354066986,0.4217687074829932,0.4217687074829932,1.0
4,77.06506955623627,0.5933014354066986,0.4217687074829932,0.4217687074829932,1.0
