pos_weight,best_val_f1,best_thresh,test_acc,test_f1,test_precision,test_recall,test_pos_count,test_total,test_auc
0.2,0.0,0.1,0.47297297297297297,0.5894736842105263,0.4375,0.9032258064516129,62.0,148,0.5099399849962492
0.5,0.0,0.30000000000000004,0.581081081081081,0.6125,0.5,0.7903225806451613,62.0,148,0.6007126781695424
1.0,0.6111111111111112,0.30000000000000004,0.5405405405405406,0.6222222222222222,0.4745762711864407,0.9032258064516129,62.0,148,0.590960240060015
2.0,0.6242774566473989,0.6,0.5878378378378378,0.5611510791366906,0.5064935064935064,0.6290322580645161,62.0,148,0.6093398349587397
5.0,0.5933014354066986,0.7000000000000001,0.4594594594594595,0.4805194805194805,0.40217391304347827,0.5967741935483871,62.0,148,0.48068267066766696
