pos_weight,best_val_f1,best_thresh,test_acc,test_f1,test_precision,test_recall
0.3,0.0,0.1,0.4189189189189189,0.5904761904761905,0.4189189189189189,1.0
0.5,0.0,0.1,0.4189189189189189,0.5904761904761905,0.4189189189189189,1.0
1.0,0.0,0.1,0.4189189189189189,0.5904761904761905,0.4189189189189189,1.0
